"aeropuerto","nacionalidad","total","enero","febrero","marzo","abril","mayo","junio","julio","agosto","septiembre","octubre","noviembre","diciembre"
NA,NA,NA,"ENE.","FEB.","MAR.","ABR.","MAY.","JUN.","JUL.","AGO.","SEP.","OCT.","NOV.","DIC."
NA,NA,NA,NA,NA,NA,NA,NA,NA,NA,NA,NA,NA,NA,NA
NA,"TOTAL","5118100","678169","641168","714085","637263","574462","636105","660763","576085",NA,NA,NA,NA
NA,NA,NA,NA,NA,NA,NA,NA,NA,NA,NA,NA,NA,NA,NA
NA,"RESIDENTES","454064","79971","36191","41116","52984","46730","48962","69415","78695",NA,NA,NA,NA
NA,NA,NA,NA,NA,NA,NA,NA,NA,NA,NA,NA,NA,NA,NA
NA,"DOMINICANOS","423582","74346","33528","37834","49316","43323","45745","65358","74132",NA,NA,NA,NA
NA,"EXTRANJEROS","30482","5625","2663","3282","3668","3407","3217","4057","4563",NA,NA,NA,NA
NA,NA,NA,NA,NA,NA,NA,NA,NA,NA,NA,NA,NA,NA,NA
NA,"NO RESIDENTES","4664036","598198","604977","672969","584279","527732","587143","591348","497390",NA,NA,NA,NA
NA,NA,NA,NA,NA,NA,NA,NA,NA,NA,NA,NA,NA,NA,NA
NA,"DOMINICANOS","707570","75566","69656","77369","79956","81389","101712","120786","101136",NA,NA,NA,NA
NA,NA,NA,NA,NA,NA,NA,NA,NA,NA,NA,NA,NA,NA,NA
NA,"EXTRANJEROS","3956466","522632","535321","595600","504323","446343","485431","470562","396254",NA,NA,NA,NA
NA,NA,NA,NA,NA,NA,NA,NA,NA,NA,NA,NA,NA,NA,NA
NA,"AMERICA DEL NORTE","2344629","308863","338936","397708","303572","261306","295312","254482","184450",NA,NA,NA,NA
NA,"Canadá","646889","126503","124662","131579","95233","46211","36792","45493","40416",NA,NA,NA,NA
NA,"Estados Unidos","1660290","178634","210177","261513","203185","210175","254169","203194","139243",NA,NA,NA,NA
NA,"México","37450","3726","4097","4616","5154","4920","4351","5795","4791",NA,NA,NA,NA
NA,NA,NA,NA,NA,NA,NA,NA,NA,NA,NA,NA,NA,NA,NA
NA,"AMERICA CENTRAL Y EL CARIBE","193330","14676","14532","18932","18311","24341","38412","38655","25471",NA,NA,NA,NA
NA,"Aruba","376","75","25","51","29","43","49","43","61",NA,NA,NA,NA
NA,"Caicos y Turcas, Islas","964","100","80","86","145","117","117","160","159",NA,NA,NA,NA
NA,"Costa Rica","8054","970","860","951","1200","1013","997","1180","883",NA,NA,NA,NA
NA,"Cuba","34292","2000","1920","3168","2554","3633","7505","7948","5564",NA,NA,NA,NA
NA,"Curazao","614","174","68","78","29","50","93","80","42",NA,NA,NA,NA
NA,"El Salvador","4731","366","513","499","612","584","548","804","805",NA,NA,NA,NA
NA,"Guadalupe","765","0","4","16","16","33","41","374","281",NA,NA,NA,NA
NA,"Guatemala","6751","571","700","943","981","868","913","938","837",NA,NA,NA,NA
NA,"Haití","20179","2531","2192","2490","2460","2377","2450","2735","2944",NA,NA,NA,NA
NA,"Honduras","3370","300","374","474","549","414","326","529","404",NA,NA,NA,NA
NA,"Jamaica","4534","363","401","743","490","890","503","535","609",NA,NA,NA,NA
NA,"Martinica","96","4","4","16","12","12","12","36","0",NA,NA,NA,NA
NA,"Panamá","10851","1407","1229","1693","1052","1459","1666","1088","1257",NA,NA,NA,NA
NA,"Puerto  Rico","87195","4893","5428","6542","7064","11760","21766","19747","9995",NA,NA,NA,NA
NA,"San Martin","686","69","34","156","37","60","104","149","77",NA,NA,NA,NA
NA,"Trinidad y Tobago","3748","128","200","235","299","330","581","1351","624",NA,NA,NA,NA
NA,"Virgenes Americanas, Islas","40","0","0","13","5","0","5","2","15",NA,NA,NA,NA
NA,"Otros","6084","725","500","778","777","698","736","956","914",NA,NA,NA,NA
NA,NA,NA,NA,NA,NA,NA,NA,NA,NA,NA,NA,NA,NA,NA
NA,"AMERICA DEL SUR","498939","64474","57515","56284","60812","70776","60492","64862","63724",NA,NA,NA,NA
NA,"Argentina","133826","19280","16209","15970","16153","19747","16127","16180","14160",NA,NA,NA,NA
NA,"Bolivia","8980","1650","468","654","697","1140","1726","1671","974",NA,NA,NA,NA
NA,"Brasil","74846","10762","8821","11725","10037","10136","7588","8726","7051",NA,NA,NA,NA
NA,"Chile","80591","9620","12363","6376","7973","12805","9990","11723","9741",NA,NA,NA,NA
NA,"Colombia","74317","10944","6370","6839","9351","8735","11722","9125","11231",NA,NA,NA,NA
NA,"Ecuador","12135","678","1511","1381","1109","1375","1243","2036","2802",NA,NA,NA,NA
NA,"Perú","29153","2757","3516","3540","3253","5380","2812","4263","3632",NA,NA,NA,NA
NA,"Uruguay","17861","1573","1431","1797","3185","2780","2705","2006","2384",NA,NA,NA,NA
NA,"Venezuela","61028","6137","6070","7307","8324","7454","6052","8575","11109",NA,NA,NA,NA
NA,"Otros","6202","1073","756","695","730","1224","527","557","640",NA,NA,NA,NA
NA,NA,NA,NA,NA,NA,NA,NA,NA,NA,NA,NA,NA,NA,NA
NA,"ASIA","24443","2772","2515","4740","3114","2727","2490","2795","3290",NA,NA,NA,NA
NA,"China","6244","594","605","1515","660","672","591","659","948",NA,NA,NA,NA
NA,"Corea del Sur","2084","305","189","366","294","262","230","251","187",NA,NA,NA,NA
NA,"India","3893","254","311","717","637","500","486","378","610",NA,NA,NA,NA
NA,"Israel","2574","326","302","315","416","274","230","344","367",NA,NA,NA,NA
NA,"Japón","1482","194","212","268","162","133","241","183","89",NA,NA,NA,NA
NA,"Taiwan","406","25","59","103","32","49","40","41","57",NA,NA,NA,NA
NA,"Otros","7760","1074","837","1456","913","837","672","939","1032",NA,NA,NA,NA
NA,NA,NA,NA,NA,NA,NA,NA,NA,NA,NA,NA,NA,NA,NA
NA,"EUROPA","890921","131490","121243","117288","117915","86622","88310","109311","118742",NA,NA,NA,NA
NA,"Alemania","128075","18470","16975","20609","19186","14271","12888","12909","12767",NA,NA,NA,NA
NA,"Austria","8226","2014","1325","1516","907","604","339","895","626",NA,NA,NA,NA
NA,"Bélgica","22222","3317","2508","2499","3236","1919","2802","3551","2390",NA,NA,NA,NA
NA,"Bulgaria","1763","420","409","300","137","249","92","81","75",NA,NA,NA,NA
NA,"Dinamarca","3097","707","1093","705","194","66","117","166","49",NA,NA,NA,NA
NA,"Escocia","339","0","1","140","17","15","22","136","8",NA,NA,NA,NA
NA,"España","114995","10090","10881","10451","12433","10598","16235","19954","24353",NA,NA,NA,NA
NA,"Finlandia","2924","1132","1010","574","35","68","35","42","28",NA,NA,NA,NA
NA,"Francia","165477","25523","29392","23687","23744","13742","11558","17632","20199",NA,NA,NA,NA
NA,"Grecia","712","116","155","100","88","52","52","103","46",NA,NA,NA,NA
NA,"Holanda","21556","2690","2453","2054","3049","2527","2274","3309","3200",NA,NA,NA,NA
NA,"Hungría","3691","1257","628","420","413","258","331","237","147",NA,NA,NA,NA
NA,"Inglaterra","108628","10500","9118","9560","13309","16626","15005","17352","17158",NA,NA,NA,NA
NA,"Irlanda","973","77","123","141","152","134","43","141","162",NA,NA,NA,NA
NA,"Italia","63347","9614","8338","9450","8753","4400","5310","6535","10947",NA,NA,NA,NA
NA,"Luxemburgo","609","47","77","97","137","25","18","71","137",NA,NA,NA,NA
NA,"Noruega","890","158","109","145","67","39","107","203","62",NA,NA,NA,NA
NA,"Polonia","25702","6743","5490","3466","2093","1679","1824","2404","2003",NA,NA,NA,NA
NA,"Portugal","28400","1182","966","1578","4421","3359","5287","5383","6224",NA,NA,NA,NA
NA,"República Checa","4918","887","831","1030","490","471","347","587","275",NA,NA,NA,NA
NA,"Rumania","5764","975","829","900","845","855","275","446","639",NA,NA,NA,NA
NA,"Rusia","130424","25062","19931","20233","18013","10502","10241","12449","13993",NA,NA,NA,NA
NA,"Suecia","5511","1814","1762","1472","65","88","53","138","119",NA,NA,NA,NA
NA,"Suiza","22049","3850","3430","2542","3451","2273","2164","3033","1306",NA,NA,NA,NA
NA,"Ucrania","14960","3973","2519","2405","2011","1183","555","788","1526",NA,NA,NA,NA
NA,"Otros","5669","872","890","1214","669","619","336","766","303",NA,NA,NA,NA
NA,NA,NA,NA,NA,NA,NA,NA,NA,NA,NA,NA,NA,NA,NA
NA,"RESTO DEL MUNDO","4204","357","580","648","599","571","415","457","577",NA,NA,NA,NA
NA,"Australia","1324","153","150","190","181","231","115","136","168",NA,NA,NA,NA
NA,"Otros","2880","204","430","458","418","340","300","321","409",NA,NA,NA,NA
NA,"*Cifras sujetas a rectificación.",NA,NA,NA,NA,NA,NA,NA,NA,NA,NA,NA,NA,NA
NA,NA,NA,NA,NA,NA,NA,NA,NA,NA,NA,NA,NA,NA,NA
"LLEGADA MENSUAL DE PASAJEROS VIA AEREA, SEGUN  NACIONALIDAD",NA,NA,NA,NA,NA,NA,NA,NA,NA,NA,NA,NA,NA,NA
"AEROPUERTO INTERNACIONAL DE LAS AMERICAS, 2019",NA,NA,NA,NA,NA,NA,NA,NA,NA,NA,NA,NA,NA,NA
NA,NA,NA,NA,NA,NA,NA,NA,NA,NA,NA,NA,NA,NA,NA
NA,"NACIONALIDAD","TOTAL","M E S E S *",NA,NA,NA,NA,NA,NA,NA,NA,NA,NA,NA
NA,NA,NA,"ENE.","FEB.","MAR.","ABR.","MAY.","JUN.","JUL.","AGO.","SEP.","OCT.","NOV.","DIC."
NA,NA,NA,NA,NA,NA,NA,NA,NA,NA,NA,NA,NA,NA,NA
NA,"TOTAL","1312827","164019","141474","156557","160152","156148","169195","188357","176925",NA,NA,NA,NA
NA,NA,NA,NA,NA,NA,NA,NA,NA,NA,NA,NA,NA,NA,NA
NA,"RESIDENTES","312252","54413","25627","29608","36385","33299","33910","46320","52690",NA,NA,NA,NA
NA,NA,NA,NA,NA,NA,NA,NA,NA,NA,NA,NA,NA,NA,NA
NA,"DOMINICANOS","287661","49759","23461","26892","33453","30524","31396","43112","49064",NA,NA,NA,NA
NA,"EXTRANJEROS","24591","4654","2166","2716","2932","2775","2514","3208","3626",NA,NA,NA,NA
NA,NA,NA,NA,NA,NA,NA,NA,NA,NA,NA,NA,NA,NA,NA
NA,"NO RESIDENTES","1000575","109606","115847","126949","123767","122849","135285","142037","124235",NA,NA,NA,NA
NA,NA,NA,NA,NA,NA,NA,NA,NA,NA,NA,NA,NA,NA,NA
NA,"DOMINICANOS","350035","37573","34785","39621","41350","43077","50227","55540","47862",NA,NA,NA,NA
NA,NA,NA,NA,NA,NA,NA,NA,NA,NA,NA,NA,NA,NA,NA
NA,"EXTRANJEROS","650540","72033","81062","87328","82417","79772","85058","86497","76373",NA,NA,NA,NA
NA,NA,NA,NA,NA,NA,NA,NA,NA,NA,NA,NA,NA,NA,NA
NA,"AMERICA DEL NORTE","314916","30890","38780","45290","38307","38670","45486","44140","33353",NA,NA,NA,NA
NA,"Canadá","8609","1580","1783","2259","1367","506","388","408","318",NA,NA,NA,NA
NA,"Estados Unidos","289584","27342","34986","40776","34907","36063","43205","41439","30866",NA,NA,NA,NA
NA,"México","16723","1968","2011","2255","2033","2101","1893","2293","2169",NA,NA,NA,NA
NA,NA,NA,NA,NA,NA,NA,NA,NA,NA,NA,NA,NA,NA,NA
NA,"AMERICA CENTRAL Y EL CARIBE","80385","9678","8221","10125","9498","10086","11931","10712","10134",NA,NA,NA,NA
NA,"Aruba","284","56","12","36","16","36","36","36","56",NA,NA,NA,NA
NA,"Caicos y Turcas, Islas","224","32","16","20","32","40","24","32","28",NA,NA,NA,NA
NA,"Costa Rica","6189","693","685","821","878","755","718","899","740",NA,NA,NA,NA
NA,"Cuba","14157","1753","1577","1835","1627","1904","2018","1749","1694",NA,NA,NA,NA
NA,"Curazao","585","173","64","76","16","48","92","76","40",NA,NA,NA,NA
NA,"El Salvador","2302","177","306","288","392","220","244","260","415",NA,NA,NA,NA
NA,"Guadalupe","164","0","4","16","8","20","40","44","32",NA,NA,NA,NA
NA,"Guatemala","4248","402","554","604","597","474","594","608","415",NA,NA,NA,NA
NA,"Haití","7341","1222","725","770","834","847","779","1062","1102",NA,NA,NA,NA
NA,"Honduras","2080","222","277","372","324","237","184","264","200",NA,NA,NA,NA
NA,"Jamaica","2202","197","250","356","252","289","256","264","338",NA,NA,NA,NA
NA,"Martinica","76","4","4","16","12","12","12","16","0",NA,NA,NA,NA
NA,"Panamá","5709","830","648","925","633","627","702","628","716",NA,NA,NA,NA
NA,"Puerto  Rico","29265","3242","2683","3278","3149","3921","5588","3906","3498",NA,NA,NA,NA
NA,"San Martin","613","65","32","96","36","60","100","148","76",NA,NA,NA,NA
NA,"Trinidad y Tobago","1092","68","68","120","176","160","160","124","216",NA,NA,NA,NA
NA,"Virgenes Americanas, Islas","12","0","0","8","4","0","0","0","0",NA,NA,NA,NA
NA,"Otros","3842","542","316","488","512","436","384","596","568",NA,NA,NA,NA
NA,NA,NA,NA,NA,NA,NA,NA,NA,NA,NA,NA,NA,NA,NA
NA,"AMERICA DEL SUR","106628","11223","11278","12213","13252","16566","13011","13706","15379",NA,NA,NA,NA
NA,"Argentina","10996","1060","966","1098","983","2715","1833","1223","1118",NA,NA,NA,NA
NA,"Bolivia","704","88","92","104","60","80","96","112","72",NA,NA,NA,NA
NA,"Brasil","6183","975","861","994","670","706","726","648","603",NA,NA,NA,NA
NA,"Chile","10716","830","1393","828","1055","2528","1471","1361","1250",NA,NA,NA,NA
NA,"Colombia","18519","2206","1972","2175","2638","2415","2563","2317","2233",NA,NA,NA,NA
NA,"Ecuador","3134","286","346","448","320","447","412","468","407",NA,NA,NA,NA
NA,"Perú","3824","379","463","544","368","643","448","560","419",NA,NA,NA,NA
NA,"Uruguay","2240","173","192","196","288","663","316","184","228",NA,NA,NA,NA
NA,"Venezuela","49140","5162","4857","5670","6750","6157","5034","6701","8809",NA,NA,NA,NA
NA,"Otros","1172","64","136","156","120","212","112","132","240",NA,NA,NA,NA
NA,NA,NA,NA,NA,NA,NA,NA,NA,NA,NA,NA,NA,NA,NA
NA,"ASIA","11205","1625","1525","1974","1252","1186","1181","1272","1190",NA,NA,NA,NA
NA,"China","3909","387","467","830","420","426","409","508","462",NA,NA,NA,NA
NA,"Corea del Sur","1367","259","164","160","148","128","152","216","140",NA,NA,NA,NA
NA,"India","1538","137","213","260","212","212","220","160","124",NA,NA,NA,NA
NA,"Israel","909","141","148","168","96","92","84","96","84",NA,NA,NA,NA
NA,"Japón","929","145","116","152","112","88","136","108","72",NA,NA,NA,NA
NA,"Taiwan","212","12","44","32","16","24","20","24","40",NA,NA,NA,NA
NA,"Otros","2341","544","373","372","248","216","160","160","268",NA,NA,NA,NA
NA,NA,NA,NA,NA,NA,NA,NA,NA,NA,NA,NA,NA,NA,NA
NA,"EUROPA","136022","18445","21090","17494","19944","13144","13261","16499","16145",NA,NA,NA,NA
NA,"Alemania","12190","1520","1729","1755","1991","1634","1203","1465","893",NA,NA,NA,NA
NA,"Austria","1041","108","245","168","60","104","108","164","84",NA,NA,NA,NA
NA,"Bélgica","2594","327","435","332","308","248","372","336","236",NA,NA,NA,NA
NA,"Bulgaria","208","40","28","28","32","24","28","12","16",NA,NA,NA,NA
NA,"Dinamarca","476","104","84","72","56","32","28","68","32",NA,NA,NA,NA
NA,"Escocia","0","0","0","0","0","0","0","0","0",NA,NA,NA,NA
NA,"España","38665","4481","4727","4046","5310","4271","5210","5131","5489",NA,NA,NA,NA
NA,"Finlandia","248","68","48","36","12","32","16","24","12",NA,NA,NA,NA
NA,"Francia","31611","4108","7303","4091","4973","2362","2086","3478","3210",NA,NA,NA,NA
NA,"Grecia","384","76","60","40","56","36","40","48","28",NA,NA,NA,NA
NA,"Holanda","4622","552","551","544","633","471","452","972","447",NA,NA,NA,NA
NA,"Hungría","152","12","28","28","20","16","24","20","4",NA,NA,NA,NA
NA,"Inglaterra","3844","387","507","488","520","675","336","484","447",NA,NA,NA,NA
NA,"Irlanda","248","44","32","44","28","48","8","16","28",NA,NA,NA,NA
NA,"Italia","22796","3580","2571","2627","2726","1955","2294","2753","4290",NA,NA,NA,NA
NA,"Luxemburgo","80","4","4","8","20","4","0","16","24",NA,NA,NA,NA
NA,"Noruega","489","113","52","96","52","20","60","68","28",NA,NA,NA,NA
NA,"Polonia","1210","210","184","208","132","172","100","108","96",NA,NA,NA,NA
NA,"Portugal","2006","165","213","240","480","264","228","216","200",NA,NA,NA,NA
NA,"República Checa","576","88","116","108","72","52","72","44","24",NA,NA,NA,NA
NA,"Rumania","308","60","52","52","36","28","8","36","36",NA,NA,NA,NA
NA,"Rusia","6781","1565","1226","1719","1559","244","184","160","124",NA,NA,NA,NA
NA,"Suecia","452","76","92","92","28","56","28","48","32",NA,NA,NA,NA
NA,"Suiza","3143","467","515","308","512","188","232","716","205",NA,NA,NA,NA
NA,"Ucrania","1170","222","156","196","172","148","112","64","100",NA,NA,NA,NA
NA,"Otros","728","68","132","168","156","60","32","52","60",NA,NA,NA,NA
NA,NA,NA,NA,NA,NA,NA,NA,NA,NA,NA,NA,NA,NA,NA
NA,"RESTO DEL MUNDO","1384","172","168","232","164","120","188","168","172",NA,NA,NA,NA
NA,"Australia","628","92","68","120","88","56","64","60","80",NA,NA,NA,NA
NA,"Otros","756","80","100","112","76","64","124","108","92",NA,NA,NA,NA
NA,"*Cifras sujetas a rectificación.",NA,NA,NA,NA,NA,NA,NA,NA,NA,NA,NA,NA,NA
NA,NA,NA,NA,NA,NA,NA,NA,NA,NA,NA,NA,NA,NA,NA
"LLEGADA MENSUAL DE PASAJEROS VIA AEREA, SEGUN  NACIONALIDAD",NA,NA,NA,NA,NA,NA,NA,NA,NA,NA,NA,NA,NA,NA
"AEROPUERTO INTERNACIONAL DE PUERTO PLATA, 2019",NA,NA,NA,NA,NA,NA,NA,NA,NA,NA,NA,NA,NA,NA
NA,NA,NA,NA,NA,NA,NA,NA,NA,NA,NA,NA,NA,NA,NA
NA,"NACIONALIDAD","TOTAL","M E S E S *",NA,NA,NA,NA,NA,NA,NA,NA,NA,NA,NA
NA,NA,NA,"ENE.","FEB.","MAR.","ABR.","MAY.","JUN.","JUL.","AGO.","SEP.","OCT.","NOV.","DIC."
NA,NA,NA,NA,NA,NA,NA,NA,NA,NA,NA,NA,NA,NA,NA
NA,"TOTAL","317716","55525","54003","56803","41021","24900","28680","31810","24974",NA,NA,NA,NA
NA,NA,NA,NA,NA,NA,NA,NA,NA,NA,NA,NA,NA,NA,NA
NA,"RESIDENTES","6470","1103","484","598","673","521","647","1145","1299",NA,NA,NA,NA
NA,NA,NA,NA,NA,NA,NA,NA,NA,NA,NA,NA,NA,NA,NA
NA,"DOMINICANOS","5612","1002","400","514","590","412","526","1000","1168",NA,NA,NA,NA
NA,"EXTRANJEROS","858","101","84","84","83","109","121","145","131",NA,NA,NA,NA
NA,NA,NA,NA,NA,NA,NA,NA,NA,NA,NA,NA,NA,NA,NA
NA,"NO RESIDENTES","311246","54422","53519","56205","40348","24379","28033","30665","23675",NA,NA,NA,NA
NA,NA,NA,NA,NA,NA,NA,NA,NA,NA,NA,NA,NA,NA,NA
NA,"DOMINICANOS","15752","1654","1115","1339","1569","1244","2313","4054","2464",NA,NA,NA,NA
NA,NA,NA,NA,NA,NA,NA,NA,NA,NA,NA,NA,NA,NA,NA
NA,"EXTRANJEROS","295494","52768","52404","54866","38779","23135","25720","26611","21211",NA,NA,NA,NA
NA,NA,NA,NA,NA,NA,NA,NA,NA,NA,NA,NA,NA,NA,NA
NA,"AMERICA DEL NORTE","235723","43043","42990","46057","32635","16841","19952","19613","14592",NA,NA,NA,NA
NA,"Canadá","132464","30533","29528","30185","19907","6503","4277","5946","5585",NA,NA,NA,NA
NA,"Estados Unidos","103071","12495","13441","15850","12716","10290","15650","13634","8995",NA,NA,NA,NA
NA,"México","188","15","21","22","12","48","25","33","12",NA,NA,NA,NA
NA,NA,NA,NA,NA,NA,NA,NA,NA,NA,NA,NA,NA,NA,NA
NA,"AMERICA CENTRAL Y EL CARIBE","3095","147","152","257","135","443","654","926","381",NA,NA,NA,NA
NA,"Aruba","5","0","1","0","0","3","0","1","0",NA,NA,NA,NA
NA,"Caicos y Turcas, Islas","232","19","19","23","38","17","37","34","45",NA,NA,NA,NA
NA,"Costa Rica","15","0","3","2","1","4","2","3","0",NA,NA,NA,NA
NA,"Cuba","8","0","1","4","0","2","1","0","0",NA,NA,NA,NA
NA,"Curazao","5","1","2","0","0","0","0","1","1",NA,NA,NA,NA
NA,"El Salvador","147","2","12","27","5","46","14","33","8",NA,NA,NA,NA
NA,"Guadalupe","0","0","0","0","0","0","0","0","0",NA,NA,NA,NA
NA,"Guatemala","43","2","5","3","3","14","9","5","2",NA,NA,NA,NA
NA,"Haití","359","29","17","57","27","57","57","56","59",NA,NA,NA,NA
NA,"Honduras","21","1","0","0","2","4","6","6","2",NA,NA,NA,NA
NA,"Jamaica","448","42","36","70","19","180","6","77","18",NA,NA,NA,NA
NA,"Martinica","0","0","0","0","0","0","0","0","0",NA,NA,NA,NA
NA,"Panamá","32","4","7","2","2","8","6","3","0",NA,NA,NA,NA
NA,"Puerto  Rico","166","0","0","0","2","0","79","23","62",NA,NA,NA,NA
NA,"San Martin","2","1","0","0","0","0","0","0","1",NA,NA,NA,NA
NA,"Trinidad y Tobago","1283","22","21","30","6","47","340","654","163",NA,NA,NA,NA
NA,"Virgenes Americanas, Islas","3","0","0","1","1","0","1","0","0",NA,NA,NA,NA
NA,"Otros","326","24","28","38","29","61","96","30","20",NA,NA,NA,NA
NA,NA,NA,NA,NA,NA,NA,NA,NA,NA,NA,NA,NA,NA,NA
NA,"AMERICA DEL SUR","3460","261","227","283","106","387","280","691","1225",NA,NA,NA,NA
NA,"Argentina","278","43","27","24","14","62","40","58","10",NA,NA,NA,NA
NA,"Bolivia","21","1","3","6","1","1","3","3","3",NA,NA,NA,NA
NA,"Brasil","178","17","18","25","13","32","20","36","17",NA,NA,NA,NA
NA,"Chile","347","12","63","29","13","35","52","124","19",NA,NA,NA,NA
NA,"Colombia","317","32","24","38","16","77","39","64","27",NA,NA,NA,NA
NA,"Ecuador","1482","12","20","16","14","34","29","291","1066",NA,NA,NA,NA
NA,"Perú","182","23","23","18","7","31","31","24","25",NA,NA,NA,NA
NA,"Uruguay","76","28","7","2","0","13","2","13","11",NA,NA,NA,NA
NA,"Venezuela","117","7","18","9","7","12","20","27","17",NA,NA,NA,NA
NA,"Otros","462","86","24","116","21","90","44","51","30",NA,NA,NA,NA
NA,NA,NA,NA,NA,NA,NA,NA,NA,NA,NA,NA,NA,NA,NA
NA,"ASIA","2320","375","345","450","232","390","173","271","84",NA,NA,NA,NA
NA,"China","385","107","33","72","33","82","34","11","13",NA,NA,NA,NA
NA,"Corea del Sur","138","30","15","19","34","18","8","11","3",NA,NA,NA,NA
NA,"India","389","59","38","111","34","48","40","46","13",NA,NA,NA,NA
NA,"Israel","148","30","16","21","25","25","9","14","8",NA,NA,NA,NA
NA,"Japón","42","6","1","7","6","11","3","4","4",NA,NA,NA,NA
NA,"Taiwan","17","3","3","0","1","5","1","4","0",NA,NA,NA,NA
NA,"Otros","1201","140","239","220","99","201","78","181","43",NA,NA,NA,NA
NA,NA,NA,NA,NA,NA,NA,NA,NA,NA,NA,NA,NA,NA,NA
NA,"EUROPA","50147","8863","8596","7715","5598","4957","4589","4997","4832",NA,NA,NA,NA
NA,"Alemania","19155","2524","2287","2627","2466","2402","2205","2231","2413",NA,NA,NA,NA
NA,"Austria","315","53","57","39","14","27","13","99","13",NA,NA,NA,NA
NA,"Bélgica","2937","458","346","427","316","222","320","532","316",NA,NA,NA,NA
NA,"Bulgaria","118","27","24","25","15","11","6","5","5",NA,NA,NA,NA
NA,"Dinamarca","953","269","408","251","13","2","3","6","1",NA,NA,NA,NA
NA,"Escocia","2","0","0","0","1","1","0","0","0",NA,NA,NA,NA
NA,"España","227","39","31","30","30","29","15","31","22",NA,NA,NA,NA
NA,"Finlandia","2423","1012","899","493","3","8","2","2","4",NA,NA,NA,NA
NA,"Francia","1342","228","376","204","121","83","71","148","111",NA,NA,NA,NA
NA,"Grecia","49","9","9","5","8","10","6","1","1",NA,NA,NA,NA
NA,"Holanda","682","77","134","106","68","72","72","75","78",NA,NA,NA,NA
NA,"Hungría","97","36","26","11","5","11","7","1","0",NA,NA,NA,NA
NA,"Inglaterra","1178","164","215","189","105","166","112","112","115",NA,NA,NA,NA
NA,"Irlanda","83","12","25","15","10","12","1","6","2",NA,NA,NA,NA
NA,"Italia","893","149","197","118","73","80","117","70","89",NA,NA,NA,NA
NA,"Luxemburgo","33","2","13","1","0","5","2","3","7",NA,NA,NA,NA
NA,"Noruega","169","32","32","34","7","16","20","27","1",NA,NA,NA,NA
NA,"Polonia","3560","863","729","832","796","123","74","79","64",NA,NA,NA,NA
NA,"Portugal","334","71","81","46","37","49","9","31","10",NA,NA,NA,NA
NA,"República Checa","426","48","86","121","38","47","20","39","27",NA,NA,NA,NA
NA,"Rumania","186","23","36","22","21","48","17","13","6",NA,NA,NA,NA
NA,"Rusia","10695","1526","1475","958","1334","1300","1333","1292","1477",NA,NA,NA,NA
NA,"Suecia","2618","912","781","872","7","9","13","14","10",NA,NA,NA,NA
NA,"Suiza","445","52","43","37","36","65","72","113","27",NA,NA,NA,NA
NA,"Ucrania","504","123","114","98","36","65","22","23","23",NA,NA,NA,NA
NA,"Otros","723","154","172","154","38","94","57","44","10",NA,NA,NA,NA
NA,NA,NA,NA,NA,NA,NA,NA,NA,NA,NA,NA,NA,NA,NA
NA,"RESTO DEL MUNDO","749","79","94","104","73","117","72","113","97",NA,NA,NA,NA
NA,"Australia","243","31","37","22","34","10","27","34","48",NA,NA,NA,NA
NA,"Otros","506","48","57","82","39","107","45","79","49",NA,NA,NA,NA
NA,"*Cifras sujetas a rectificación.",NA,NA,NA,NA,NA,NA,NA,NA,NA,NA,NA,NA,NA
NA,NA,NA,NA,NA,NA,NA,NA,NA,NA,NA,NA,NA,NA,NA
"LLEGADA MENSUAL DE PASAJEROS VIA AEREA, SEGUN  NACIONALIDAD",NA,NA,NA,NA,NA,NA,NA,NA,NA,NA,NA,NA,NA,NA
"AEROPUERTO INTERNACIONAL DE PUNTA CANA, 2019",NA,NA,NA,NA,NA,NA,NA,NA,NA,NA,NA,NA,NA,NA
NA,NA,NA,NA,NA,NA,NA,NA,NA,NA,NA,NA,NA,NA,NA
NA,"NACIONALIDAD","TOTAL","M E S E S *",NA,NA,NA,NA,NA,NA,NA,NA,NA,NA,NA
NA,NA,NA,"ENE.","FEB.","MAR.","ABR.","MAY.","JUN.","JUL.","AGO.","SEP.","OCT.","NOV.","DIC."
NA,NA,NA,NA,NA,NA,NA,NA,NA,NA,NA,NA,NA,NA,NA
NA,"TOTAL","2687131","353654","353708","403617","346584","314927","333926","316603","264112",NA,NA,NA,NA
NA,NA,NA,NA,NA,NA,NA,NA,NA,NA,NA,NA,NA,NA,NA
NA,"RESIDENTES","27644","4808","1496","2099","3558","2040","2423","5565","5655",NA,NA,NA,NA
NA,NA,NA,NA,NA,NA,NA,NA,NA,NA,NA,NA,NA,NA,NA
NA,"DOMINICANOS","26796","4687","1460","1994","3484","1958","2325","5367","5521",NA,NA,NA,NA
NA,"EXTRANJEROS","848","121","36","105","74","82","98","198","134",NA,NA,NA,NA
NA,NA,NA,NA,NA,NA,NA,NA,NA,NA,NA,NA,NA,NA,NA
NA,"NO RESIDENTES","2659487","348846","352212","401518","343026","312887","331503","311038","258457",NA,NA,NA,NA
NA,NA,NA,NA,NA,NA,NA,NA,NA,NA,NA,NA,NA,NA,NA
NA,"DOMINICANOS","27593","2002","1283","1773","2044","2146","3551","7902","6892",NA,NA,NA,NA
NA,NA,NA,NA,NA,NA,NA,NA,NA,NA,NA,NA,NA,NA,NA
NA,"EXTRANJEROS","2631894","346844","350929","399745","340982","310741","327952","303136","251565",NA,NA,NA,NA
NA,NA,NA,NA,NA,NA,NA,NA,NA,NA,NA,NA,NA,NA,NA
NA,"AMERICA DEL NORTE","1588677","210843","230057","276502","210263","187611","201676","159158","112567",NA,NA,NA,NA
NA,"Canadá","452182","82868","82010","86794","68410","36867","28792","35539","30902",NA,NA,NA,NA
NA,"Estados Unidos","1117288","126393","146095","187532","138898","148148","170632","120372","79218",NA,NA,NA,NA
NA,"México","19207","1582","1952","2176","2955","2596","2252","3247","2447",NA,NA,NA,NA
NA,NA,NA,NA,NA,NA,NA,NA,NA,NA,NA,NA,NA,NA,NA
NA,"AMERICA CENTRAL Y EL CARIBE","77900","1972","2848","4877","4884","9922","21026","21733","10638",NA,NA,NA,NA
NA,"Aruba","0","0","0","0","0","0","0","0","0",NA,NA,NA,NA
NA,"Caicos y Turcas, Islas","0","0","0","0","0","0","0","0","0",NA,NA,NA,NA
NA,"Costa Rica","1417","216","100","72","264","196","244","230","95",NA,NA,NA,NA
NA,"Cuba","18369","100","156","1128","748","1483","5199","5958","3597",NA,NA,NA,NA
NA,"Curazao","12","0","0","0","12","0","0","0","0",NA,NA,NA,NA
NA,"El Salvador","1278","84","48","68","92","192","186","375","233",NA,NA,NA,NA
NA,"Guadalupe","599","0","0","0","8","12","0","330","249",NA,NA,NA,NA
NA,"Guatemala","1747","76","76","242","308","308","240","201","296",NA,NA,NA,NA
NA,"Haití","538","20","20","92","60","8","57","136","145",NA,NA,NA,NA
NA,"Honduras","600","24","24","32","156","84","41","164","75",NA,NA,NA,NA
NA,"Jamaica","1211","56","40","211","132","300","166","133","173",NA,NA,NA,NA
NA,"Martinica","20","0","0","0","0","0","0","20","0",NA,NA,NA,NA
NA,"Panamá","4408","480","488","676","328","733","887","375","441",NA,NA,NA,NA
NA,"Puerto  Rico","45910","868","1780","2200","2640","6458","13868","13139","4957",NA,NA,NA,NA
NA,"San Martin","60","0","0","60","0","0","0","0","0",NA,NA,NA,NA
NA,"Trinidad y Tobago","993","0","64","28","52","76","32","536","205",NA,NA,NA,NA
NA,"Virgenes Americanas, Islas","16","0","0","0","0","0","4","0","12",NA,NA,NA,NA
NA,"Otros","722","48","52","68","84","72","102","136","160",NA,NA,NA,NA
NA,NA,NA,NA,NA,NA,NA,NA,NA,NA,NA,NA,NA,NA,NA
NA,"AMERICA DEL SUR","378215","51736","44773","42563","46309","52486","45671","48742","45935",NA,NA,NA,NA
NA,"Argentina","121807","18118","15149","14766","15073","16857","14133","14785","12926",NA,NA,NA,NA
NA,"Bolivia","7018","1185","368","532","608","1045","1164","1234","882",NA,NA,NA,NA
NA,"Brasil","68075","9732","7876","10644","9292","9348","6796","7999","6388",NA,NA,NA,NA
NA,"Chile","68545","8674","10684","5458","6821","10129","8375","10065","8339",NA,NA,NA,NA
NA,"Colombia","53432","8495","4148","4374","6429","5877","8892","6499","8718",NA,NA,NA,NA
NA,"Ecuador","5876","248","940","700","612","656","625","1008","1087",NA,NA,NA,NA
NA,"Perú","24007","2231","2892","2824","2719","4556","2189","3522","3074",NA,NA,NA,NA
NA,"Uruguay","15437","1365","1224","1593","2887","2064","2381","1791","2132",NA,NA,NA,NA
NA,"Venezuela","9844","812","956","1295","1344","1085","786","1505","2061",NA,NA,NA,NA
NA,"Otros","4174","876","536","377","524","869","330","334","328",NA,NA,NA,NA
NA,NA,NA,NA,NA,NA,NA,NA,NA,NA,NA,NA,NA,NA,NA
NA,"ASIA","8401","492","296","1909","1240","864","835","948","1817",NA,NA,NA,NA
NA,"China","1482","48","24","512","132","124","100","104","438",NA,NA,NA,NA
NA,"Corea del Sur","577","16","8","187","112","116","70","24","44",NA,NA,NA,NA
NA,"India","1463","12","4","259","308","164","154","116","446",NA,NA,NA,NA
NA,"Israel","1375","136","104","108","268","140","128","226","265",NA,NA,NA,NA
NA,"Japón","380","32","72","88","16","12","92","64","4",NA,NA,NA,NA
NA,"Taiwan","80","0","0","68","0","4","0","0","8",NA,NA,NA,NA
NA,"Otros","3044","248","84","687","404","304","291","414","612",NA,NA,NA,NA
NA,NA,NA,NA,NA,NA,NA,NA,NA,NA,NA,NA,NA,NA,NA
NA,"EUROPA","577018","81745","72683","73646","77974","59614","58622","72407","80327",NA,NA,NA,NA
NA,"Alemania","85415","12816","11676","14613","13446","8995","7921","7975","7973",NA,NA,NA,NA
NA,"Austria","6830","1847","1020","1299","828","468","215","629","524",NA,NA,NA,NA
NA,"Bélgica","16618","2523","1716","1731","2600","1442","2099","2674","1833",NA,NA,NA,NA
NA,"Bulgaria","1413","352","352","243","84","212","54","64","52",NA,NA,NA,NA
NA,"Dinamarca","1650","332","596","382","124","28","80","92","16",NA,NA,NA,NA
NA,"Escocia","332","0","0","140","16","12","20","136","8",NA,NA,NA,NA
NA,"España","70557","5347","5888","6172","6801","6019","9987","13144","17199",NA,NA,NA,NA
NA,"Finlandia","244","48","60","44","20","28","16","16","12",NA,NA,NA,NA
NA,"Francia","132246","21154","21663","19343","18611","11271","9365","13978","16861",NA,NA,NA,NA
NA,"Grecia","232","20","80","52","20","0","0","48","12",NA,NA,NA,NA
NA,"Holanda","16167","2055","1752","1395","2335","1975","1739","2255","2661",NA,NA,NA,NA
NA,"Hungría","3419","1205","568","381","384","228","298","214","141",NA,NA,NA,NA
NA,"Inglaterra","103377","9912","8368","8853","12646","15754","14530","16730","16584",NA,NA,NA,NA
NA,"Irlanda","607","16","52","80","108","72","33","116","130",NA,NA,NA,NA
NA,"Italia","12366","1535","1120","1601","1688","809","857","1525","3231",NA,NA,NA,NA
NA,"Luxemburgo","494","40","60","88","116","16","16","52","106",NA,NA,NA,NA
NA,"Noruega","172","8","8","4","4","0","24","92","32",NA,NA,NA,NA
NA,"Polonia","20706","5647","4520","2363","1128","1370","1642","2203","1833",NA,NA,NA,NA
NA,"Portugal","24002","908","640","1280","3882","3032","4411","4543","5306",NA,NA,NA,NA
NA,"República Checa","3879","744","624","795","372","372","252","499","221",NA,NA,NA,NA
NA,"Rumania","5149","872","720","810","768","757","240","387","595",NA,NA,NA,NA
NA,"Rusia","40020","7770","6356","7789","7797","3562","2350","1488","2908",NA,NA,NA,NA
NA,"Suecia","2428","824","884","508","28","20","12","76","76",NA,NA,NA,NA
NA,"Suiza","18143","3299","2832","2129","2868","1991","1825","2154","1045",NA,NA,NA,NA
NA,"Ucrania","6435","1835","564","680","836","725","393","657","745",NA,NA,NA,NA
NA,"Otros","4117","636","564","871","464","456","243","660","223",NA,NA,NA,NA
NA,NA,NA,NA,NA,NA,NA,NA,NA,NA,NA,NA,NA,NA,NA
NA,"RESTO DEL MUNDO","1683","56","272","248","312","244","122","148","281",NA,NA,NA,NA
NA,"Australia","404","24","40","40","52","156","20","36","36",NA,NA,NA,NA
NA,"Otros","1279","32","232","208","260","88","102","112","245",NA,NA,NA,NA
NA,"*Cifras sujetas a rectificación.",NA,NA,NA,NA,NA,NA,NA,NA,NA,NA,NA,NA,NA
NA,NA,NA,NA,NA,NA,NA,NA,NA,NA,NA,NA,NA,NA,NA
"LLEGADA MENSUAL DE PASAJEROS VIA AEREA, SEGUN  NACIONALIDAD",NA,NA,NA,NA,NA,NA,NA,NA,NA,NA,NA,NA,NA,NA
"AEROPUERTO INTERNACIONAL DE LA ROMANA, 2019",NA,NA,NA,NA,NA,NA,NA,NA,NA,NA,NA,NA,NA,NA
NA,NA,NA,NA,NA,NA,NA,NA,NA,NA,NA,NA,NA,NA,NA
NA,"NACIONALIDAD","TOTAL","M E S E S *",NA,NA,NA,NA,NA,NA,NA,NA,NA,NA,NA
NA,NA,NA,"ENE.","FEB.","MAR.","ABR.","MAY.","JUN.","JUL.","AGO.","SEP.","OCT.","NOV.","DIC."
NA,NA,NA,NA,NA,NA,NA,NA,NA,NA,NA,NA,NA,NA,NA
NA,"TOTAL","128446","24352","20400","19707","13785","8252","11474","15176","15300",NA,NA,NA,NA
NA,NA,NA,NA,NA,NA,NA,NA,NA,NA,NA,NA,NA,NA,NA
NA,"RESIDENTES","1954","293","136","121","204","167","269","398","366",NA,NA,NA,NA
NA,NA,NA,NA,NA,NA,NA,NA,NA,NA,NA,NA,NA,NA,NA
NA,"DOMINICANOS","1617","254","117","105","166","144","224","309","298",NA,NA,NA,NA
NA,"EXTRANJEROS","337","39","19","16","38","23","45","89","68",NA,NA,NA,NA
NA,NA,NA,NA,NA,NA,NA,NA,NA,NA,NA,NA,NA,NA,NA
NA,"NO RESIDENTES","126492","24059","20264","19586","13581","8085","11205","14778","14934",NA,NA,NA,NA
NA,NA,NA,NA,NA,NA,NA,NA,NA,NA,NA,NA,NA,NA,NA
NA,"DOMINICANOS","2334","237","193","186","289","230","421","430","348",NA,NA,NA,NA
NA,NA,NA,NA,NA,NA,NA,NA,NA,NA,NA,NA,NA,NA,NA
NA,"EXTRANJEROS","124158","23822","20071","19400","13292","7855","10784","14348","14586",NA,NA,NA,NA
NA,NA,NA,NA,NA,NA,NA,NA,NA,NA,NA,NA,NA,NA,NA
NA,"AMERICA DEL NORTE","18156","4151","4375","4302","1931","523","966","988","920",NA,NA,NA,NA
NA,"Canadá","12274","3402","3371","3211","817","3","336","636","498",NA,NA,NA,NA
NA,"Estados Unidos","5869","746","1000","1091","1113","517","629","352","421",NA,NA,NA,NA
NA,"México","13","3","4","0","1","3","1","0","1",NA,NA,NA,NA
NA,NA,NA,NA,NA,NA,NA,NA,NA,NA,NA,NA,NA,NA,NA
NA,"AMERICA CENTRAL Y EL CARIBE","2659","64","81","58","144","94","854","1176","188",NA,NA,NA,NA
NA,"Aruba","0","0","0","0","0","0","0","0","0",NA,NA,NA,NA
NA,"Caicos y Turcas, Islas","0","0","0","0","0","0","0","0","0",NA,NA,NA,NA
NA,"Costa Rica","5","0","0","0","5","0","0","0","0",NA,NA,NA,NA
NA,"Cuba","2","0","0","0","0","0","0","2","0",NA,NA,NA,NA
NA,"Curazao","2","0","0","0","1","1","0","0","0",NA,NA,NA,NA
NA,"El Salvador","5","1","0","0","1","0","0","2","1",NA,NA,NA,NA
NA,"Guadalupe","0","0","0","0","0","0","0","0","0",NA,NA,NA,NA
NA,"Guatemala","8","0","7","0","0","0","1","0","0",NA,NA,NA,NA
NA,"Haití","86","6","2","4","3","18","5","47","1",NA,NA,NA,NA
NA,"Honduras","2","0","0","0","0","0","1","0","1",NA,NA,NA,NA
NA,"Jamaica","2","0","0","1","0","0","0","1","0",NA,NA,NA,NA
NA,"Martinica","0","0","0","0","0","0","0","0","0",NA,NA,NA,NA
NA,"Panamá","6","0","0","2","0","1","0","3","0",NA,NA,NA,NA
NA,"Puerto  Rico","2518","54","71","43","131","74","846","1119","180",NA,NA,NA,NA
NA,"San Martin","0","0","0","0","0","0","0","0","0",NA,NA,NA,NA
NA,"Trinidad y Tobago","1","1","0","0","0","0","0","0","0",NA,NA,NA,NA
NA,"Virgenes Americanas, Islas","6","0","0","2","0","0","0","2","2",NA,NA,NA,NA
NA,"Otros","16","2","1","6","3","0","1","0","3",NA,NA,NA,NA
NA,NA,NA,NA,NA,NA,NA,NA,NA,NA,NA,NA,NA,NA,NA
NA,"AMERICA DEL SUR","2271","469","141","246","179","113","534","510","79",NA,NA,NA,NA
NA,"Argentina","41","8","6","11","10","1","3","2","0",NA,NA,NA,NA
NA,"Bolivia","1122","362","0","0","0","0","449","311","0",NA,NA,NA,NA
NA,"Brasil","8","2","0","2","1","0","1","2","0",NA,NA,NA,NA
NA,"Chile","0","0","0","0","0","0","0","0","0",NA,NA,NA,NA
NA,"Colombia","143","19","11","24","52","14","5","11","7",NA,NA,NA,NA
NA,"Ecuador","4","0","1","1","0","0","0","2","0",NA,NA,NA,NA
NA,"Perú","3","0","0","1","0","0","0","0","2",NA,NA,NA,NA
NA,"Uruguay","1","1","0","0","0","0","0","0","0",NA,NA,NA,NA
NA,"Venezuela","946","74","123","207","116","98","76","182","70",NA,NA,NA,NA
NA,"Otros","3","3","0","0","0","0","0","0","0",NA,NA,NA,NA
NA,NA,NA,NA,NA,NA,NA,NA,NA,NA,NA,NA,NA,NA,NA
NA,"ASIA","111","10","15","20","37","17","12","0","0",NA,NA,NA,NA
NA,"China","15","0","2","11","1","1","0","0","0",NA,NA,NA,NA
NA,"Corea del Sur","2","0","2","0","0","0","0","0","0",NA,NA,NA,NA
NA,"India","4","0","1","0","1","0","2","0","0",NA,NA,NA,NA
NA,"Israel","10","0","0","2","8","0","0","0","0",NA,NA,NA,NA
NA,"Japón","4","0","0","0","4","0","0","0","0",NA,NA,NA,NA
NA,"Taiwan","0","0","0","0","0","0","0","0","0",NA,NA,NA,NA
NA,"Otros","76","10","10","7","23","16","10","0","0",NA,NA,NA,NA
NA,NA,NA,NA,NA,NA,NA,NA,NA,NA,NA,NA,NA,NA,NA
NA,"EUROPA","100942","19118","15457","14772","10999","7108","8417","11672","13399",NA,NA,NA,NA
NA,"Alemania","372","363","2","2","2","1","0","1","1",NA,NA,NA,NA
NA,"Austria","4","1","0","0","0","2","0","1","0",NA,NA,NA,NA
NA,"Bélgica","1","0","0","0","0","0","1","0","0",NA,NA,NA,NA
NA,"Bulgaria","4","1","1","0","2","0","0","0","0",NA,NA,NA,NA
NA,"Dinamarca","4","0","0","0","0","0","4","0","0",NA,NA,NA,NA
NA,"Escocia","0","0","0","0","0","0","0","0","0",NA,NA,NA,NA
NA,"España","150","5","11","7","44","20","45","12","6",NA,NA,NA,NA
NA,"Finlandia","0","0","0","0","0","0","0","0","0",NA,NA,NA,NA
NA,"Francia","17","2","2","4","5","0","0","3","1",NA,NA,NA,NA
NA,"Grecia","1","0","0","1","0","0","0","0","0",NA,NA,NA,NA
NA,"Holanda","4","0","0","1","2","0","0","0","1",NA,NA,NA,NA
NA,"Hungría","2","0","0","0","2","0","0","0","0",NA,NA,NA,NA
NA,"Inglaterra","25","1","8","1","5","8","0","2","0",NA,NA,NA,NA
NA,"Irlanda","9","3","6","0","0","0","0","0","0",NA,NA,NA,NA
NA,"Italia","26916","4297","4390","5061","4221","1514","2008","2135","3290",NA,NA,NA,NA
NA,"Luxemburgo","1","0","0","0","1","0","0","0","0",NA,NA,NA,NA
NA,"Noruega","0","0","0","0","0","0","0","0","0",NA,NA,NA,NA
NA,"Polonia","8","2","0","5","0","0","0","0","1",NA,NA,NA,NA
NA,"Portugal","11","0","5","1","2","0","3","0","0",NA,NA,NA,NA
NA,"República Checa","8","0","2","2","2","0","0","2","0",NA,NA,NA,NA
NA,"Rumania","20","6","7","1","1","2","0","3","0",NA,NA,NA,NA
NA,"Rusia","66580","12658","9357","8228","5785","5331","6319","9456","9446",NA,NA,NA,NA
NA,"Suecia","2","0","0","0","0","2","0","0","0",NA,NA,NA,NA
NA,"Suiza","98","4","7","48","5","0","18","14","2",NA,NA,NA,NA
NA,"Ucrania","6694","1773","1656","1410","919","226","18","41","651",NA,NA,NA,NA
NA,"Otros","11","2","3","0","1","2","1","2","0",NA,NA,NA,NA
NA,NA,NA,NA,NA,NA,NA,NA,NA,NA,NA,NA,NA,NA,NA
NA,"RESTO DEL MUNDO","19","10","2","2","2","0","1","2","0",NA,NA,NA,NA
NA,"Australia","7","1","0","2","1","0","1","2","0",NA,NA,NA,NA
NA,"Otros","12","9","2","0","1","0","0","0","0",NA,NA,NA,NA
NA,"*Cifras sujetas a rectificación.",NA,NA,NA,NA,NA,NA,NA,NA,NA,NA,NA,NA,NA
NA,NA,NA,NA,NA,NA,NA,NA,NA,NA,NA,NA,NA,NA,NA
"LLEGADA MENSUAL DE PASAJEROS VIA AEREA, SEGUN  NACIONALIDAD",NA,NA,NA,NA,NA,NA,NA,NA,NA,NA,NA,NA,NA,NA
"AEROPUERTO INTERNACIONAL DE CIBAO, 2019",NA,NA,NA,NA,NA,NA,NA,NA,NA,NA,NA,NA,NA,NA
NA,NA,NA,NA,NA,NA,NA,NA,NA,NA,NA,NA,NA,NA,NA
NA,"NACIONALIDAD","TOTAL","M E S E S *",NA,NA,NA,NA,NA,NA,NA,NA,NA,NA,NA
NA,NA,NA,"ENE.","FEB.","MAR.","ABR.","MAY.","JUN.","JUL.","AGO.","SEP.","OCT.","NOV.","DIC."
NA,NA,NA,NA,NA,NA,NA,NA,NA,NA,NA,NA,NA,NA,NA
NA,"TOTAL","582916","66766","57991","62286","64893","63410","83475","99253","84842",NA,NA,NA,NA
NA,NA,NA,NA,NA,NA,NA,NA,NA,NA,NA,NA,NA,NA,NA
NA,"RESIDENTES","92198","17603","6975","7240","10446","8976","9889","14101","16968",NA,NA,NA,NA
NA,NA,NA,NA,NA,NA,NA,NA,NA,NA,NA,NA,NA,NA,NA
NA,"DOMINICANOS","88362","16894","6617","6879","9906","8558","9450","13685","16373",NA,NA,NA,NA
NA,"EXTRANJEROS","3836","709","358","361","540","418","439","416","595",NA,NA,NA,NA
NA,NA,NA,NA,NA,NA,NA,NA,NA,NA,NA,NA,NA,NA,NA
NA,"NO RESIDENTES","490718","49163","51016","55046","54447","54434","73586","85152","67874",NA,NA,NA,NA
NA,NA,NA,NA,NA,NA,NA,NA,NA,NA,NA,NA,NA,NA,NA
NA,"DOMINICANOS","311552","34058","32253","34425","34676","34657","45169","52785","43529",NA,NA,NA,NA
NA,NA,NA,NA,NA,NA,NA,NA,NA,NA,NA,NA,NA,NA,NA
NA,"EXTRANJEROS","179166","15105","18763","20621","19771","19777","28417","32367","24345",NA,NA,NA,NA
NA,NA,NA,NA,NA,NA,NA,NA,NA,NA,NA,NA,NA,NA,NA
NA,"AMERICA DEL NORTE","146217","11865","14819","16491","15713","15408","24289","27673","19959",NA,NA,NA,NA
NA,"Canadá","623","85","77","123","65","87","72","59","55",NA,NA,NA,NA
NA,"Estados Unidos","144275","11622","14633","16205","15495","15149","24037","27392","19742",NA,NA,NA,NA
NA,"México","1319","158","109","163","153","172","180","222","162",NA,NA,NA,NA
NA,NA,NA,NA,NA,NA,NA,NA,NA,NA,NA,NA,NA,NA,NA
NA,"AMERICA CENTRAL Y EL CARIBE","18551","1697","1957","2289","2200","2393","2469","2794","2752",NA,NA,NA,NA
NA,"Aruba","8","3","1","1","0","0","2","0","1",NA,NA,NA,NA
NA,"Caicos y Turcas, Islas","508","49","45","43","75","60","56","94","86",NA,NA,NA,NA
NA,"Costa Rica","428","61","72","56","52","58","33","48","48",NA,NA,NA,NA
NA,"Cuba","1755","147","186","201","179","243","287","239","273",NA,NA,NA,NA
NA,"Curazao","10","0","2","2","0","1","1","3","1",NA,NA,NA,NA
NA,"El Salvador","958","100","136","113","120","123","92","130","144",NA,NA,NA,NA
NA,"Guadalupe","2","0","0","0","0","1","1","0","0",NA,NA,NA,NA
NA,"Guatemala","705","91","58","94","73","72","69","124","124",NA,NA,NA,NA
NA,"Haití","4032","306","454","545","457","458","527","593","692",NA,NA,NA,NA
NA,"Honduras","667","53","73","70","67","89","94","95","126",NA,NA,NA,NA
NA,"Jamaica","671","68","75","105","87","121","75","60","80",NA,NA,NA,NA
NA,"Martinica","0","0","0","0","0","0","0","0","0",NA,NA,NA,NA
NA,"Panamá","696","93","86","88","89","90","71","79","100",NA,NA,NA,NA
NA,"Puerto  Rico","6553","578","617","735","787","901","955","1107","873",NA,NA,NA,NA
NA,"San Martin","11","3","2","0","1","0","4","1","0",NA,NA,NA,NA
NA,"Trinidad y Tobago","379","37","47","57","65","47","49","37","40",NA,NA,NA,NA
NA,"Virgenes Americanas, Islas","3","0","0","2","0","0","0","0","1",NA,NA,NA,NA
NA,"Otros","1165","108","103","177","148","129","153","184","163",NA,NA,NA,NA
NA,NA,NA,NA,NA,NA,NA,NA,NA,NA,NA,NA,NA,NA,NA
NA,"AMERICA DEL SUR","8355","785","1094","979","961","1224","995","1211","1106",NA,NA,NA,NA
NA,"Argentina","702","51","59","71","73","112","118","112","106",NA,NA,NA,NA
NA,"Bolivia","115","14","5","12","28","14","14","11","17",NA,NA,NA,NA
NA,"Brasil","402","36","66","60","61","50","45","41","43",NA,NA,NA,NA
NA,"Chile","983","104","223","61","84","113","92","173","133",NA,NA,NA,NA
NA,"Colombia","1903","192","215","228","213","352","223","234","246",NA,NA,NA,NA
NA,"Ecuador","1639","132","204","216","163","238","177","267","242",NA,NA,NA,NA
NA,"Perú","1137","124","138","153","159","150","144","157","112",NA,NA,NA,NA
NA,"Uruguay","107","6","8","6","10","40","6","18","13",NA,NA,NA,NA
NA,"Venezuela","976","82","116","126","105","102","135","158","152",NA,NA,NA,NA
NA,"Otros","391","44","60","46","65","53","41","40","42",NA,NA,NA,NA
NA,NA,NA,NA,NA,NA,NA,NA,NA,NA,NA,NA,NA,NA,NA
NA,"ASIA","2380","270","334","366","353","270","289","300","198",NA,NA,NA,NA
NA,"China","446","52","79","85","74","39","48","34","35",NA,NA,NA,NA
NA,"Corea del Sur","0","0","0","0","0","0","0","0","0",NA,NA,NA,NA
NA,"India","499","46","55","87","82","76","70","56","27",NA,NA,NA,NA
NA,"Israel","132","19","34","16","19","17","9","8","10",NA,NA,NA,NA
NA,"Japón","127","11","23","21","24","22","10","7","9",NA,NA,NA,NA
NA,"Taiwan","97","10","12","3","15","16","19","13","9",NA,NA,NA,NA
NA,"Otros","1079","132","131","154","139","100","133","182","108",NA,NA,NA,NA
NA,NA,NA,NA,NA,NA,NA,NA,NA,NA,NA,NA,NA,NA,NA
NA,"EUROPA","3299","448","515","434","496","392","344","366","304",NA,NA,NA,NA
NA,"Alemania","314","37","46","50","43","47","32","31","28",NA,NA,NA,NA
NA,"Austria","29","5","3","3","5","3","3","2","5",NA,NA,NA,NA
NA,"Bélgica","72","9","11","9","12","7","10","9","5",NA,NA,NA,NA
NA,"Bulgaria","20","0","4","4","4","2","4","0","2",NA,NA,NA,NA
NA,"Dinamarca","14","2","5","0","1","4","2","0","0",NA,NA,NA,NA
NA,"Escocia","5","0","1","0","0","2","2","0","0",NA,NA,NA,NA
NA,"España","450","52","58","61","53","45","55","66","60",NA,NA,NA,NA
NA,"Finlandia","9","4","3","1","0","0","1","0","0",NA,NA,NA,NA
NA,"Francia","239","27","42","39","31","26","33","25","16",NA,NA,NA,NA
NA,"Grecia","46","11","6","2","4","6","6","6","5",NA,NA,NA,NA
NA,"Holanda","81","6","16","8","11","9","11","7","13",NA,NA,NA,NA
NA,"Hungría","21","4","6","0","2","3","2","2","2",NA,NA,NA,NA
NA,"Inglaterra","199","36","20","25","32","23","27","24","12",NA,NA,NA,NA
NA,"Irlanda","26","2","8","2","6","2","1","3","2",NA,NA,NA,NA
NA,"Italia","376","53","60","43","45","42","34","52","47",NA,NA,NA,NA
NA,"Luxemburgo","1","1","0","0","0","0","0","0","0",NA,NA,NA,NA
NA,"Noruega","57","5","17","8","4","3","3","16","1",NA,NA,NA,NA
NA,"Polonia","141","10","35","23","32","14","8","10","9",NA,NA,NA,NA
NA,"Portugal","151","38","25","11","20","14","17","17","9",NA,NA,NA,NA
NA,"República Checa","29","7","3","4","6","0","3","3","3",NA,NA,NA,NA
NA,"Rumania","71","11","10","15","7","19","6","1","2",NA,NA,NA,NA
NA,"Rusia","475","66","50","65","90","65","54","47","38",NA,NA,NA,NA
NA,"Suecia","11","2","5","0","2","1","0","0","1",NA,NA,NA,NA
NA,"Suiza","220","28","33","20","30","29","17","36","27",NA,NA,NA,NA
NA,"Ucrania","157","20","29","21","48","19","10","3","7",NA,NA,NA,NA
NA,"Otros","85","12","19","20","8","7","3","6","10",NA,NA,NA,NA
NA,NA,NA,NA,NA,NA,NA,NA,NA,NA,NA,NA,NA,NA,NA
NA,"RESTO DEL MUNDO","364","40","44","62","48","90","31","23","26",NA,NA,NA,NA
NA,"Australia","42","5","5","6","6","9","3","4","4",NA,NA,NA,NA
NA,"Otros","322","35","39","56","42","81","28","19","22",NA,NA,NA,NA
NA,"*Cifras sujetas a rectificación.",NA,NA,NA,NA,NA,NA,NA,NA,NA,NA,NA,NA,NA
NA,NA,NA,NA,NA,NA,NA,NA,NA,NA,NA,NA,NA,NA,NA
"LLEGADA MENSUAL DE PASAJEROS VIA AEREA, SEGUN  NACIONALIDAD",NA,NA,NA,NA,NA,NA,NA,NA,NA,NA,NA,NA,NA,NA
"AEROPUERTO INTERNACIONAL LA ISABELA, 2019",NA,NA,NA,NA,NA,NA,NA,NA,NA,NA,NA,NA,NA,NA
NA,NA,NA,NA,NA,NA,NA,NA,NA,NA,NA,NA,NA,NA,NA
NA,"NACIONALIDAD","TOTAL","M E S E S *",NA,NA,NA,NA,NA,NA,NA,NA,NA,NA,NA
NA,NA,NA,"ENE.","FEB.","MAR.","ABR.","MAY.","JUN.","JUL.","AGO.","SEP.","OCT.","NOV.","DIC."
NA,NA,NA,NA,NA,NA,NA,NA,NA,NA,NA,NA,NA,NA,NA
NA,"TOTAL","25896","3007","2922","2940","3382","3351","3516","3437","3341",NA,NA,NA,NA
NA,NA,NA,NA,NA,NA,NA,NA,NA,NA,NA,NA,NA,NA,NA
NA,"RESIDENTES","13406","1727","1468","1442","1714","1725","1784","1861","1685",NA,NA,NA,NA
NA,NA,NA,NA,NA,NA,NA,NA,NA,NA,NA,NA,NA,NA,NA
NA,"DOMINICANOS","13406","1727","1468","1442","1714","1725","1784","1861","1685",NA,NA,NA,NA
NA,"EXTRANJEROS","0","0","0","0","0","0","0","0","0",NA,NA,NA,NA
NA,NA,NA,NA,NA,NA,NA,NA,NA,NA,NA,NA,NA,NA,NA
NA,"NO RESIDENTES","12490","1280","1454","1498","1668","1626","1732","1576","1656",NA,NA,NA,NA
NA,NA,NA,NA,NA,NA,NA,NA,NA,NA,NA,NA,NA,NA,NA
NA,"DOMINICANOS","0","0","0","0","0","0","0","0","0",NA,NA,NA,NA
NA,NA,NA,NA,NA,NA,NA,NA,NA,NA,NA,NA,NA,NA,NA
NA,"EXTRANJEROS","12490","1280","1454","1498","1668","1626","1732","1576","1656",NA,NA,NA,NA
NA,NA,NA,NA,NA,NA,NA,NA,NA,NA,NA,NA,NA,NA,NA
NA,"AMERICA DEL NORTE","34","2","1","6","7","7","7","3","1",NA,NA,NA,NA
NA,"Canadá","0","0","0","0","0","0","0","0","0",NA,NA,NA,NA
NA,"Estados Unidos","34","2","1","6","7","7","7","3","1",NA,NA,NA,NA
NA,"México","0","0","0","0","0","0","0","0","0",NA,NA,NA,NA
NA,NA,NA,NA,NA,NA,NA,NA,NA,NA,NA,NA,NA,NA,NA
NA,"AMERICA CENTRAL Y EL CARIBE","10700","1112","1273","1323","1438","1400","1473","1304","1377",NA,NA,NA,NA
NA,"Aruba","79","16","11","14","13","4","11","6","4",NA,NA,NA,NA
NA,"Caicos y Turcas, Islas","0","0","0","0","0","0","0","0","0",NA,NA,NA,NA
NA,"Costa Rica","0","0","0","0","0","0","0","0","0",NA,NA,NA,NA
NA,"Cuba","0","0","0","0","0","0","0","0","0",NA,NA,NA,NA
NA,"Curazao","0","0","0","0","0","0","0","0","0",NA,NA,NA,NA
NA,"El Salvador","41","2","11","3","2","3","12","4","4",NA,NA,NA,NA
NA,"Guadalupe","0","0","0","0","0","0","0","0","0",NA,NA,NA,NA
NA,"Guatemala","0","0","0","0","0","0","0","0","0",NA,NA,NA,NA
NA,"Haití","7823","948","974","1022","1079","989","1025","841","945",NA,NA,NA,NA
NA,"Honduras","0","0","0","0","0","0","0","0","0",NA,NA,NA,NA
NA,"Jamaica","0","0","0","0","0","0","0","0","0",NA,NA,NA,NA
NA,"Martinica","0","0","0","0","0","0","0","0","0",NA,NA,NA,NA
NA,"Panamá","0","0","0","0","0","0","0","0","0",NA,NA,NA,NA
NA,"Puerto  Rico","2756","145","277","284","344","404","425","453","424",NA,NA,NA,NA
NA,"San Martin","0","0","0","0","0","0","0","0","0",NA,NA,NA,NA
NA,"Trinidad y Tobago","0","0","0","0","0","0","0","0","0",NA,NA,NA,NA
NA,"Virgenes Americanas, Islas","0","0","0","0","0","0","0","0","0",NA,NA,NA,NA
NA,"Otros","1","1","0","0","0","0","0","0","0",NA,NA,NA,NA
NA,NA,NA,NA,NA,NA,NA,NA,NA,NA,NA,NA,NA,NA,NA
NA,"AMERICA DEL SUR","3","0","0","0","2","0","1","0","0",NA,NA,NA,NA
NA,"Argentina","0","0","0","0","0","0","0","0","0",NA,NA,NA,NA
NA,"Bolivia","0","0","0","0","0","0","0","0","0",NA,NA,NA,NA
NA,"Brasil","0","0","0","0","0","0","0","0","0",NA,NA,NA,NA
NA,"Chile","0","0","0","0","0","0","0","0","0",NA,NA,NA,NA
NA,"Colombia","0","0","0","0","0","0","0","0","0",NA,NA,NA,NA
NA,"Ecuador","0","0","0","0","0","0","0","0","0",NA,NA,NA,NA
NA,"Perú","0","0","0","0","0","0","0","0","0",NA,NA,NA,NA
NA,"Uruguay","0","0","0","0","0","0","0","0","0",NA,NA,NA,NA
NA,"Venezuela","3","0","0","0","2","0","1","0","0",NA,NA,NA,NA
NA,"Otros","0","0","0","0","0","0","0","0","0",NA,NA,NA,NA
NA,NA,NA,NA,NA,NA,NA,NA,NA,NA,NA,NA,NA,NA,NA
NA,"ASIA","2","0","0","0","0","0","0","1","1",NA,NA,NA,NA
NA,"China","0","0","0","0","0","0","0","0","0",NA,NA,NA,NA
NA,"Corea del Sur","0","0","0","0","0","0","0","0","0",NA,NA,NA,NA
NA,"India","0","0","0","0","0","0","0","0","0",NA,NA,NA,NA
NA,"Israel","0","0","0","0","0","0","0","0","0",NA,NA,NA,NA
NA,"Japón","0","0","0","0","0","0","0","0","0",NA,NA,NA,NA
NA,"Taiwan","0","0","0","0","0","0","0","0","0",NA,NA,NA,NA
NA,"Otros","2","0","0","0","0","0","0","1","1",NA,NA,NA,NA
NA,NA,NA,NA,NA,NA,NA,NA,NA,NA,NA,NA,NA,NA,NA
NA,"EUROPA","1747","166","180","169","221","219","250","266","276",NA,NA,NA,NA
NA,"Alemania","97","0","14","33","25","5","11","5","4",NA,NA,NA,NA
NA,"Austria","0","0","0","0","0","0","0","0","0",NA,NA,NA,NA
NA,"Bélgica","0","0","0","0","0","0","0","0","0",NA,NA,NA,NA
NA,"Bulgaria","0","0","0","0","0","0","0","0","0",NA,NA,NA,NA
NA,"Dinamarca","0","0","0","0","0","0","0","0","0",NA,NA,NA,NA
NA,"Escocia","0","0","0","0","0","0","0","0","0",NA,NA,NA,NA
NA,"España","1646","166","166","135","195","214","239","259","272",NA,NA,NA,NA
NA,"Finlandia","0","0","0","0","0","0","0","0","0",NA,NA,NA,NA
NA,"Francia","0","0","0","0","0","0","0","0","0",NA,NA,NA,NA
NA,"Grecia","0","0","0","0","0","0","0","0","0",NA,NA,NA,NA
NA,"Holanda","0","0","0","0","0","0","0","0","0",NA,NA,NA,NA
NA,"Hungría","0","0","0","0","0","0","0","0","0",NA,NA,NA,NA
NA,"Inglaterra","0","0","0","0","0","0","0","0","0",NA,NA,NA,NA
NA,"Irlanda","0","0","0","0","0","0","0","0","0",NA,NA,NA,NA
NA,"Italia","0","0","0","0","0","0","0","0","0",NA,NA,NA,NA
NA,"Luxemburgo","0","0","0","0","0","0","0","0","0",NA,NA,NA,NA
NA,"Noruega","0","0","0","0","0","0","0","0","0",NA,NA,NA,NA
NA,"Polonia","0","0","0","0","0","0","0","0","0",NA,NA,NA,NA
NA,"Portugal","0","0","0","0","0","0","0","0","0",NA,NA,NA,NA
NA,"República Checa","0","0","0","0","0","0","0","0","0",NA,NA,NA,NA
NA,"Rumania","0","0","0","0","0","0","0","0","0",NA,NA,NA,NA
NA,"Rusia","0","0","0","0","0","0","0","0","0",NA,NA,NA,NA
NA,"Suecia","0","0","0","0","0","0","0","0","0",NA,NA,NA,NA
NA,"Suiza","0","0","0","0","0","0","0","0","0",NA,NA,NA,NA
NA,"Ucrania","0","0","0","0","0","0","0","0","0",NA,NA,NA,NA
NA,"Otros","4","0","0","1","1","0","0","2","0",NA,NA,NA,NA
NA,NA,NA,NA,NA,NA,NA,NA,NA,NA,NA,NA,NA,NA,NA
NA,"RESTO DEL MUNDO","4","0","0","0","0","0","1","2","1",NA,NA,NA,NA
NA,"Australia","0","0","0","0","0","0","0","0","0",NA,NA,NA,NA
NA,"Otros","4","0","0","0","0","0","1","2","1",NA,NA,NA,NA
NA,"*Cifras sujetas a rectificación",NA,NA,NA,NA,NA,NA,NA,NA,NA,NA,NA,NA,NA
NA,NA,NA,NA,NA,NA,NA,NA,NA,NA,NA,NA,NA,NA,NA
"LLEGADA MENSUAL DE PASAJEROS VIA AEREA, SEGUN  NACIONALIDAD",NA,NA,NA,NA,NA,NA,NA,NA,NA,NA,NA,NA,NA,NA
"AEROPUERTO INTERNACIONAL EL CATEY (SAMANA), 2019",NA,NA,NA,NA,NA,NA,NA,NA,NA,NA,NA,NA,NA,NA
NA,NA,NA,NA,NA,NA,NA,NA,NA,NA,NA,NA,NA,NA,NA
NA,"NACIONALIDAD","TOTAL","M E S E S *",NA,NA,NA,NA,NA,NA,NA,NA,NA,NA,NA
NA,NA,NA,"ENE.","FEB.","MAR.","ABR.","MAY.","JUN.","JUL.","AGO.","SEP.","OCT.","NOV.","DIC."
NA,NA,NA,NA,NA,NA,NA,NA,NA,NA,NA,NA,NA,NA,NA
NA,"TOTAL","63168","10846","10670","12175","7446","3474","5839","6127","6591",NA,NA,NA,NA
NA,NA,NA,NA,NA,NA,NA,NA,NA,NA,NA,NA,NA,NA,NA
NA,"RESIDENTES","140","24","5","8","4","2","40","25","32",NA,NA,NA,NA
NA,NA,NA,NA,NA,NA,NA,NA,NA,NA,NA,NA,NA,NA,NA
NA,"DOMINICANOS","128","23","5","8","3","2","40","24","23",NA,NA,NA,NA
NA,"EXTRANJEROS","12","1","0","0","1","0","0","1","9",NA,NA,NA,NA
NA,NA,NA,NA,NA,NA,NA,NA,NA,NA,NA,NA,NA,NA,NA
NA,"NO RESIDENTES","63028","10822","10665","12167","7442","3472","5799","6102","6559",NA,NA,NA,NA
NA,NA,NA,NA,NA,NA,NA,NA,NA,NA,NA,NA,NA,NA,NA
NA,"DOMINICANOS","304","42","27","25","28","35","31","75","41",NA,NA,NA,NA
NA,NA,NA,NA,NA,NA,NA,NA,NA,NA,NA,NA,NA,NA,NA
NA,"EXTRANJEROS","62724","10780","10638","12142","7414","3437","5768","6027","6518",NA,NA,NA,NA
NA,NA,NA,NA,NA,NA,NA,NA,NA,NA,NA,NA,NA,NA,NA
NA,"AMERICA DEL NORTE","40906","8069","7914","9060","4716","2246","2936","2907","3058",NA,NA,NA,NA
NA,"Canadá","40737","8035","7893","9007","4667","2245","2927","2905","3058",NA,NA,NA,NA
NA,"Estados Unidos","169","34","21","53","49","1","9","2","0",NA,NA,NA,NA
NA,"México","0","0","0","0","0","0","0","0","0",NA,NA,NA,NA
NA,NA,NA,NA,NA,NA,NA,NA,NA,NA,NA,NA,NA,NA,NA
NA,"AMERICA CENTRAL Y EL CARIBE","40","6","0","3","12","3","5","10","1",NA,NA,NA,NA
NA,"Aruba","0","0","0","0","0","0","0","0","0",NA,NA,NA,NA
NA,"Caicos y Turcas, Islas","0","0","0","0","0","0","0","0","0",NA,NA,NA,NA
NA,"Costa Rica","0","0","0","0","0","0","0","0","0",NA,NA,NA,NA
NA,"Cuba","1","0","0","0","0","1","0","0","0",NA,NA,NA,NA
NA,"Curazao","0","0","0","0","0","0","0","0","0",NA,NA,NA,NA
NA,"El Salvador","0","0","0","0","0","0","0","0","0",NA,NA,NA,NA
NA,"Guadalupe","0","0","0","0","0","0","0","0","0",NA,NA,NA,NA
NA,"Guatemala","0","0","0","0","0","0","0","0","0",NA,NA,NA,NA
NA,"Haití","0","0","0","0","0","0","0","0","0",NA,NA,NA,NA
NA,"Honduras","0","0","0","0","0","0","0","0","0",NA,NA,NA,NA
NA,"Jamaica","0","0","0","0","0","0","0","0","0",NA,NA,NA,NA
NA,"Martinica","0","0","0","0","0","0","0","0","0",NA,NA,NA,NA
NA,"Panamá","0","0","0","0","0","0","0","0","0",NA,NA,NA,NA
NA,"Puerto  Rico","27","6","0","2","11","2","5","0","1",NA,NA,NA,NA
NA,"San Martin","0","0","0","0","0","0","0","0","0",NA,NA,NA,NA
NA,"Trinidad y Tobago","0","0","0","0","0","0","0","0","0",NA,NA,NA,NA
NA,"Virgenes Americanas, Islas","0","0","0","0","0","0","0","0","0",NA,NA,NA,NA
NA,"Otros","12","0","0","1","1","0","0","10","0",NA,NA,NA,NA
NA,NA,NA,NA,NA,NA,NA,NA,NA,NA,NA,NA,NA,NA,NA
NA,"AMERICA DEL SUR","7","0","2","0","3","0","0","2","0",NA,NA,NA,NA
NA,"Argentina","2","0","2","0","0","0","0","0","0",NA,NA,NA,NA
NA,"Bolivia","0","0","0","0","0","0","0","0","0",NA,NA,NA,NA
NA,"Brasil","0","0","0","0","0","0","0","0","0",NA,NA,NA,NA
NA,"Chile","0","0","0","0","0","0","0","0","0",NA,NA,NA,NA
NA,"Colombia","3","0","0","0","3","0","0","0","0",NA,NA,NA,NA
NA,"Ecuador","0","0","0","0","0","0","0","0","0",NA,NA,NA,NA
NA,"Perú","0","0","0","0","0","0","0","0","0",NA,NA,NA,NA
NA,"Uruguay","0","0","0","0","0","0","0","0","0",NA,NA,NA,NA
NA,"Venezuela","2","0","0","0","0","0","0","2","0",NA,NA,NA,NA
NA,"Otros","0","0","0","0","0","0","0","0","0",NA,NA,NA,NA
NA,NA,NA,NA,NA,NA,NA,NA,NA,NA,NA,NA,NA,NA,NA
NA,"ASIA","24","0","0","21","0","0","0","3","0",NA,NA,NA,NA
NA,"China","7","0","0","5","0","0","0","2","0",NA,NA,NA,NA
NA,"Corea del Sur","0","0","0","0","0","0","0","0","0",NA,NA,NA,NA
NA,"India","0","0","0","0","0","0","0","0","0",NA,NA,NA,NA
NA,"Israel","0","0","0","0","0","0","0","0","0",NA,NA,NA,NA
NA,"Japón","0","0","0","0","0","0","0","0","0",NA,NA,NA,NA
NA,"Taiwan","0","0","0","0","0","0","0","0","0",NA,NA,NA,NA
NA,"Otros","17","0","0","16","0","0","0","1","0",NA,NA,NA,NA
NA,NA,NA,NA,NA,NA,NA,NA,NA,NA,NA,NA,NA,NA,NA
NA,"EUROPA","21746","2705","2722","3058","2683","1188","2827","3104","3459",NA,NA,NA,NA
NA,"Alemania","10532","1210","1221","1529","1213","1187","1516","1201","1455",NA,NA,NA,NA
NA,"Austria","7","0","0","7","0","0","0","0","0",NA,NA,NA,NA
NA,"Bélgica","0","0","0","0","0","0","0","0","0",NA,NA,NA,NA
NA,"Bulgaria","0","0","0","0","0","0","0","0","0",NA,NA,NA,NA
NA,"Dinamarca","0","0","0","0","0","0","0","0","0",NA,NA,NA,NA
NA,"Escocia","0","0","0","0","0","0","0","0","0",NA,NA,NA,NA
NA,"España","3300","0","0","0","0","0","684","1311","1305",NA,NA,NA,NA
NA,"Finlandia","0","0","0","0","0","0","0","0","0",NA,NA,NA,NA
NA,"Francia","22","4","6","6","3","0","3","0","0",NA,NA,NA,NA
NA,"Grecia","0","0","0","0","0","0","0","0","0",NA,NA,NA,NA
NA,"Holanda","0","0","0","0","0","0","0","0","0",NA,NA,NA,NA
NA,"Hungría","0","0","0","0","0","0","0","0","0",NA,NA,NA,NA
NA,"Inglaterra","5","0","0","4","1","0","0","0","0",NA,NA,NA,NA
NA,"Irlanda","0","0","0","0","0","0","0","0","0",NA,NA,NA,NA
NA,"Italia","0","0","0","0","0","0","0","0","0",NA,NA,NA,NA
NA,"Luxemburgo","0","0","0","0","0","0","0","0","0",NA,NA,NA,NA
NA,"Noruega","3","0","0","3","0","0","0","0","0",NA,NA,NA,NA
NA,"Polonia","77","11","22","35","5","0","0","4","0",NA,NA,NA,NA
NA,"Portugal","1896","0","2","0","0","0","619","576","699",NA,NA,NA,NA
NA,"República Checa","0","0","0","0","0","0","0","0","0",NA,NA,NA,NA
NA,"Rumania","30","3","4","0","12","1","4","6","0",NA,NA,NA,NA
NA,"Rusia","5873","1477","1467","1474","1448","0","1","6","0",NA,NA,NA,NA
NA,"Suecia","0","0","0","0","0","0","0","0","0",NA,NA,NA,NA
NA,"Suiza","0","0","0","0","0","0","0","0","0",NA,NA,NA,NA
NA,"Ucrania","0","0","0","0","0","0","0","0","0",NA,NA,NA,NA
NA,"Otros","1","0","0","0","1","0","0","0","0",NA,NA,NA,NA
NA,NA,NA,NA,NA,NA,NA,NA,NA,NA,NA,NA,NA,NA,NA
NA,"RESTO DEL MUNDO","1","0","0","0","0","0","0","1","0",NA,NA,NA,NA
NA,"Australia","0","0","0","0","0","0","0","0","0",NA,NA,NA,NA
NA,"Otros","1","0","0","0","0","0","0","1","0",NA,NA,NA,NA
NA,"*Cifras sujetas a rectificación.",NA,NA,NA,NA,NA,NA,NA,NA,NA,NA,NA,NA,NA
